{
    "epoch": 3.0,
    "eval_loss": 3.4641382694244385,
    "eval_runtime": 1.5227,
    "eval_samples_per_second": 65.671,
    "eval_steps_per_second": 1.313,
    "train_loss": 3.772020780123197,
    "train_runtime": 97.2298,
    "train_samples_per_second": 25.455,
    "train_steps_per_second": 0.401
}