{"train_loss": 4.337977409362793, "_timestamp": 1689053924.6622841, "_runtime": 112.87438106536865, "_step": 97, "_wandb": {"runtime": 112}}