{"train_loss": 3.752049207687378, "_timestamp": 1689043665.3611734, "_runtime": 5540.53462433815, "_step": 6212, "_wandb": {"runtime": 5538}}