{"train_loss": 3.510645866394043, "_timestamp": 1689050964.3283165, "_runtime": 7190.863532543182, "_step": 8121, "_wandb": {"runtime": 7184}}