{"train_loss": 3.1600513458251953, "_timestamp": 1689070226.2761238, "_runtime": 13233.334580659866, "_step": 15000, "_wandb": {"runtime": 13282}}