{"train_loss": 4.454685211181641, "_timestamp": 1690203268.8308275, "_runtime": 38.78535842895508, "_step": 23, "_wandb": {"runtime": 36}}